{"rewards": [0.0, -0.0013914108276367188, 0.03793048858642578, 0.010159492492675781, 0.00844573974609375, -0.006137847900390625, 0.027092933654785156, -0.000553131103515625, -0.00896453857421875, 0.0, 0.0, 0.0059375762939453125, 3.4332275390625e-05, 0.0720367431640625, 0.046311378479003906, 0.0869150161743164, 0.027061939239501953, 0.010441303253173828, -0.02485179901123047, 0.0, 0.0017404556274414062, 8.58306884765625e-06, -0.025323867797851562, -0.000644683837890625, 0.006059169769287109, 0.08455657958984375, 0.05139970779418945, -0.00649261474609375, 0.011857032775878906, 0.019169330596923828, 0.0574803352355957], "steps": [3200, 6400, 9600, 12800, 16000, 19200, 22400, 25600, 28800, 32000, 35200, 38400, 41600, 44800, 48000, 51200, 54400, 57600, 60800, 64000, 67200, 70400, 73600, 76800, 80000, 83200, 86400, 89600, 92800, 96000, 99200]}