{"rewards": [-5.4836273193359375e-06, -3.1948089599609375e-05, 0.004329681396484375, 0.001282811164855957, 0.002723217010498047, 0.0012339353561401367, 0.004930257797241211, 0.004760265350341797, -0.01772475242614746, 0.002324342727661133, 0.0017833709716796875, 8.821487426757812e-06, -0.023063063621520996, -0.006647825241088867, -0.016245603561401367, 0.006150960922241211, -0.008825898170471191, -0.0020914077758789062, 0.010521411895751953, 0.0010718107223510742, -0.010332822799682617, 0.005635857582092285, 1.430511474609375e-06, -0.0003694295883178711, 0.004421710968017578, 0.022609710693359375, -0.006806373596191406, -0.013149857521057129, 0.012324213981628418, 0.0014824867248535156, 0.012812018394470215], "steps": [3200, 6400, 9600, 12800, 16000, 19200, 22400, 25600, 28800, 32000, 35200, 38400, 41600, 44800, 48000, 51200, 54400, 57600, 60800, 64000, 67200, 70400, 73600, 76800, 80000, 83200, 86400, 89600, 92800, 96000, 99200]}