{"rewards": [-0.019197463989257812, -0.0157928466796875, -0.019878387451171875, -0.006694793701171875, -0.016914844512939453, 0.01594257354736328, -0.004655361175537109, -0.008594512939453125, 0.024895668029785156, 0.007126331329345703, 0.008173942565917969, -0.01879119873046875, -0.001399993896484375, -0.029510021209716797, 0.013205528259277344, 0.04984474182128906, 0.0403289794921875, 0.08393192291259766, -0.04125785827636719, 0.00653839111328125, -0.042418479919433594, 0.014646530151367188, 0.04484748840332031, 0.002162933349609375, -0.0038471221923828125, 0.01471710205078125, 0.03626251220703125, -0.02098369598388672, -0.016631126403808594, 0.0043697357177734375, -0.02414226531982422], "steps": [3200, 6400, 9600, 12800, 16000, 19200, 22400, 25600, 28800, 32000, 35200, 38400, 41600, 44800, 48000, 51200, 54400, 57600, 60800, 64000, 67200, 70400, 73600, 76800, 80000, 83200, 86400, 89600, 92800, 96000, 99200]}