{"rewards": [-6.961822509765625e-05, -0.09744501113891602, -0.009582042694091797, 0.055031776428222656, 0.01074361801147461, -0.007858753204345703, 0.031993865966796875, 0.05317258834838867, 0.0, -0.0026764869689941406, -0.027750253677368164, -0.04444456100463867, -0.01744222640991211, 0.0076885223388671875, -0.013489246368408203, -0.0038423538208007812, -0.006119489669799805, 0.02060699462890625, 0.08644580841064453, -0.013335227966308594, 0.04558086395263672, 0.027939558029174805, 0.02222442626953125, 0.04687929153442383, 0.004288673400878906, -0.06372976303100586, -0.023078441619873047, 0.0, 0.005107879638671875, -0.04638195037841797, 0.030704975128173828], "steps": [3200, 6400, 9600, 12800, 16000, 19200, 22400, 25600, 28800, 32000, 35200, 38400, 41600, 44800, 48000, 51200, 54400, 57600, 60800, 64000, 67200, 70400, 73600, 76800, 80000, 83200, 86400, 89600, 92800, 96000, 99200]}